<?xml version="1.0" encoding="UTF-8"?><?xml-stylesheet type='text/xsl' href='_UpgradeReport_Files/UpgradeReport.xslt'?><UpgradeLog>
<Properties><Property Name="Solution" Value="simulacion02">
</Property><Property Name="Archivo de la solución" Value="F:\simulacion02\simulacion02.sln">
</Property><Property Name="Archivo de opciones de usuario" Value="F:\simulacion02\simulacion02.suo">
</Property><Property Name="Date" Value="viernes, 03 de abril de 2009">
</Property><Property Name="Time" Value="17:25">
</Property></Properties><Event ErrorLevel="0" Project="" Source="simulacion02.sln" Description="La copia F:\simulacion02\Backup\simulacion02.sln del archivo se ha realizado correctamente">
</Event><Event ErrorLevel="0" Project="" Source="simulacion02.suo" Description="La copia F:\simulacion02\Backup\simulacion02.suo del archivo se ha realizado correctamente">
</Event><Event ErrorLevel="0" Project="simulacion01" Source="simulacion01.vbproj" Description="Se realizó correctamente la copia de seguridad del archivo de proyecto F:\simulacion02\Backup\simulacion01.vbproj">
</Event><Event ErrorLevel="0" Project="simulacion01" Source="Form1.Designer.vb" Description="Se realizó correctamente la copia de seguridad del archivo F:\simulacion02\Backup\Form1.Designer.vb">
</Event><Event ErrorLevel="0" Project="simulacion01" Source="Form1.vb" Description="Se realizó correctamente la copia de seguridad del archivo F:\simulacion02\Backup\Form1.vb">
</Event><Event ErrorLevel="0" Project="simulacion01" Source="My Project\AssemblyInfo.vb" Description="Se realizó correctamente la copia de seguridad del archivo F:\simulacion02\Backup\My Project\AssemblyInfo.vb">
</Event><Event ErrorLevel="0" Project="simulacion01" Source="My Project\Application.Designer.vb" Description="Se realizó correctamente la copia de seguridad del archivo F:\simulacion02\Backup\My Project\Application.Designer.vb">
</Event><Event ErrorLevel="0" Project="simulacion01" Source="My Project\Resources.Designer.vb" Description="Se realizó correctamente la copia de seguridad del archivo F:\simulacion02\Backup\My Project\Resources.Designer.vb">
</Event><Event ErrorLevel="0" Project="simulacion01" Source="My Project\Settings.Designer.vb" Description="Se realizó correctamente la copia de seguridad del archivo F:\simulacion02\Backup\My Project\Settings.Designer.vb">
</Event><Event ErrorLevel="0" Project="simulacion01" Source="My Project\Application.myapp" Description="Se realizó correctamente la copia de seguridad del archivo F:\simulacion02\Backup\My Project\Application.myapp">
</Event><Event ErrorLevel="0" Project="simulacion01" Source="My Project\Settings.settings" Description="Se realizó correctamente la copia de seguridad del archivo F:\simulacion02\Backup\My Project\Settings.settings">
</Event><Event ErrorLevel="0" Project="simulacion01" Source="Form1.resx" Description="Se realizó correctamente la copia de seguridad del archivo F:\simulacion02\Backup\Form1.resx">
</Event><Event ErrorLevel="0" Project="simulacion01" Source="My Project\Resources.resx" Description="Se realizó correctamente la copia de seguridad del archivo F:\simulacion02\Backup\My Project\Resources.resx">
</Event><Event ErrorLevel="0" Project="simulacion01" Source="simulacion01.vbproj" Description="Proyecto convertido correctamente">
</Event><Event ErrorLevel="3" Project="simulacion01" Source="simulacion01.vbproj" Description="Converted">
</Event><Event ErrorLevel="0" Project="" Source="simulacion02.sln" Description="La solución se convirtió correctamente">
</Event><Event ErrorLevel="3" Project="" Source="simulacion02.sln" Description="Converted">
</Event><Event ErrorLevel="0" Project="simulacion01" Source="simulacion01.vbproj" Description="Examen completo: no es necesario actualizar los archivos de proyecto.">
</Event></UpgradeLog>